{
    "8": {
        "11:25": 1.0678193,
        "11:30": 1.0678906,
        "11:35": 1.0679016,
        "11:40": 1.0678857,
        "12:35": 1.06664,
        "12:45": 1.0669111,
        "12:50": 1.067204,
        "16:40": 1.067859,
        "17:00": 1.068481,
        "17:05": 1.068936,
        "17:10": 1.06931,
        "17:15": 1.069668,
        "17:20": 1.06994,
        "17:35": 1.070218,
        "17:40": 1.070507,
        "17:45": 1.070745,
        "17:50": 1.070904,
        "17:55": 1.071008,
        "18:00": 1.071048,
        "21:10": 1.069944,
        "21:15": 1.069232,
        "21:20": 1.068609,
        "21:25": 1.068098,
        "21:30": 1.067727,
        "21:35": 1.06737
    },
    "20": {
        "11:25": 1.0676018,
        "11:30": 1.0676531,
        "11:35": 1.0676804,
        "11:40": 1.0676946,
        "12:35": 1.06664,
        "12:45": 1.0667562,
        "12:50": 1.066897,
        "16:40": 1.067207,
        "17:00": 1.067536,
        "17:05": 1.067821,
        "17:10": 1.068088,
        "17:15": 1.068358,
        "17:20": 1.068599,
        "17:35": 1.068846,
        "17:40": 1.069101,
        "17:45": 1.069337,
        "17:50": 1.069539,
        "17:55": 1.069713,
        "18:00": 1.069854,
        "21:10": 1.069495,
        "21:15": 1.069233,
        "21:20": 1.068966,
        "21:25": 1.068713,
        "21:30": 1.068496,
        "21:35": 1.06827
    },
    "50": {
        "11:35": 1.0672609,
        "11:40": 1.0672832,
        "12:35": 1.06664,
        "12:45": 1.0666878,
        "12:50": 1.066748,
        "16:40": 1.066881,
        "17:00": 1.067029,
        "17:05": 1.067166,
        "17:10": 1.067301,
        "17:15": 1.067443,
        "17:20": 1.067578,
        "17:35": 1.06772,
        "17:40": 1.067869,
        "17:45": 1.068015,
        "17:50": 1.06815,
        "17:55": 1.068276,
        "18:00": 1.06839,
        "21:10": 1.068299,
        "21:15": 1.068238,
        "21:20": 1.068167,
        "21:25": 1.068094,
        "21:30": 1.068029,
        "21:35": 1.067954
    }
}