{
    "8": {
        "11:25": 1.0678193,
        "17:25": 1.061203,
        "17:30": 1.05374,
        "17:35": 1.053776,
        "17:40": 1.053806,
        "17:45": 1.053858
    },
    "20": {
        "11:25": 1.0676018,
        "17:30": 1.05374,
        "17:35": 1.053755,
        "17:40": 1.05377,
        "17:45": 1.053796
    },
    "50": {
        "11:35": 1.0672609,
        "17:30": 1.05374,
        "17:35": 1.053746,
        "17:40": 1.053752,
        "17:45": 1.053763
    }
}