{
    "8": {
        "11:25": 1.0678193,
        "17:25": 1.061203,
        "17:30": 1.05374,
        "17:35": 1.053776,
        "17:40": 1.053806,
        "17:45": 1.053858,
        "17:50": 1.053754,
        "17:55": 1.053702,
        "18:00": 1.05387,
        "18:05": 1.054017,
        "18:10": 1.05416,
        "18:15": 1.054271,
        "18:20": 1.054469,
        "18:25": 1.054771,
        "18:30": 1.054835,
        "18:35": 1.054807,
        "18:40": 1.054963,
        "18:45": 1.055093
    },
    "20": {
        "11:25": 1.0676018,
        "17:30": 1.05374,
        "17:35": 1.053755,
        "17:40": 1.05377,
        "17:45": 1.053796,
        "17:50": 1.053757,
        "17:55": 1.053734,
        "18:00": 1.053803,
        "18:05": 1.053872,
        "18:10": 1.053947,
        "18:15": 1.054015,
        "18:20": 1.054124,
        "18:25": 1.054286,
        "18:30": 1.05436,
        "18:35": 1.054393,
        "18:40": 1.054499,
        "18:45": 1.054599
    },
    "50": {
        "11:35": 1.0672609,
        "17:30": 1.05374,
        "17:35": 1.053746,
        "17:40": 1.053752,
        "17:45": 1.053763,
        "17:50": 1.053748,
        "17:55": 1.053739,
        "18:00": 1.053767,
        "18:05": 1.053797,
        "18:10": 1.053831,
        "18:15": 1.053864,
        "18:20": 1.053915,
        "18:25": 1.05399,
        "18:30": 1.054032,
        "18:35": 1.054059,
        "18:40": 1.054116,
        "18:45": 1.054172
    }
}