{
    "8": {
        "19:50": 1.218859,
        "19:55": 1.218666,
        "20:00": 1.2185,
        "20:05": 1.218418,
        "20:10": 1.218461,
        "20:15": 1.218405,
        "20:20": 1.218368,
        "20:25": 1.218328,
        "20:30": 1.218322,
        "20:35": 1.218406,
        "20:40": 1.218282,
        "20:45": 1.218088,
        "20:50": 1.217793,
        "20:55": 1.217623
    },
    "20": {
        "20:00": 1.218995,
        "20:05": 1.218913,
        "20:10": 1.218884,
        "20:15": 1.21882,
        "20:20": 1.218765,
        "20:25": 1.21871,
        "20:30": 1.218671,
        "20:35": 1.218674,
        "20:40": 1.218596,
        "20:45": 1.218483,
        "20:50": 1.218319,
        "20:55": 1.218196
    },
    "50": {
        "19:50": 1.218971,
        "19:55": 1.218933,
        "20:00": 1.218893,
        "20:05": 1.218863,
        "20:10": 1.218853,
        "20:15": 1.218828,
        "20:20": 1.218805,
        "20:25": 1.218781,
        "20:30": 1.218762,
        "20:35": 1.21876,
        "20:40": 1.218724,
        "20:45": 1.218672,
        "20:50": 1.218597,
        "20:55": 1.218536
    }
}