{
    "8": {
        "11:25": 1.0678193,
        "15:30": 1.21804,
        "15:35": 1.218176,
        "15:40": 1.218268,
        "15:45": 1.218295,
        "17:50": 1.218978,
        "18:00": 1.219485,
        "18:05": 1.219922,
        "18:35": 1.220164,
        "18:40": 1.220603,
        "18:45": 1.220551,
        "18:50": 1.220464,
        "18:55": 1.220445,
        "19:00": 1.220542,
        "19:05": 1.22065,
        "19:10": 1.22041,
        "19:15": 1.220017,
        "19:20": 1.219722,
        "19:25": 1.219755,
        "19:30": 1.219654,
        "19:35": 1.219264,
        "19:40": 1.21903,
        "19:45": 1.21901,
        "19:50": 1.218859,
        "19:55": 1.218666,
        "20:00": 1.2185,
        "20:05": 1.218418,
        "20:10": 1.218461,
        "20:15": 1.218405,
        "20:20": 1.218368,
        "20:25": 1.218328,
        "20:30": 1.218322,
        "20:35": 1.218406,
        "20:40": 1.218282,
        "20:45": 1.218088,
        "20:50": 1.217793,
        "20:55": 1.217623
    },
    "20": {
        "18:45": 1.219555,
        "15:30": 1.21804,
        "15:35": 1.218098,
        "15:40": 1.218145,
        "15:45": 1.218168,
        "17:50": 1.218473,
        "18:00": 1.218738,
        "18:05": 1.218996,
        "18:35": 1.219188,
        "18:40": 1.219469,
        "18:50": 1.219613,
        "18:55": 1.219686,
        "19:00": 1.2198,
        "19:05": 1.219917,
        "19:10": 1.219884,
        "19:15": 1.219766,
        "19:20": 1.219664,
        "19:25": 1.219684,
        "19:30": 1.219647,
        "19:35": 1.219481,
        "19:40": 1.21936,
        "19:45": 1.21932,
        "19:50": 1.219226,
        "19:55": 1.219108,
        "20:00": 1.218995,
        "20:05": 1.218913,
        "20:10": 1.218884,
        "20:15": 1.21882,
        "20:20": 1.218765,
        "20:25": 1.21871,
        "20:30": 1.218671,
        "20:35": 1.218674,
        "20:40": 1.218596,
        "20:45": 1.218483,
        "20:50": 1.218319,
        "20:55": 1.218196
    },
    "50": {
        "18:45": 1.218771,
        "15:30": 1.21804,
        "15:35": 1.218064,
        "15:40": 1.218085,
        "15:45": 1.218097,
        "17:50": 1.218225,
        "18:00": 1.218344,
        "18:05": 1.218466,
        "18:35": 1.218566,
        "18:40": 1.218706,
        "18:50": 1.218825,
        "18:55": 1.218886,
        "19:00": 1.218964,
        "19:05": 1.219045,
        "19:10": 1.219066,
        "19:15": 1.219049,
        "19:20": 1.219035,
        "19:25": 1.219068,
        "19:30": 1.219077,
        "19:35": 1.219031,
        "19:40": 1.218999,
        "19:45": 1.218997,
        "19:50": 1.218971,
        "19:55": 1.218933,
        "20:00": 1.218893,
        "20:05": 1.218863,
        "20:10": 1.218853,
        "20:15": 1.218828,
        "20:20": 1.218805,
        "20:25": 1.218781,
        "20:30": 1.218762,
        "20:35": 1.21876,
        "20:40": 1.218724,
        "20:45": 1.218672,
        "20:50": 1.218597,
        "20:55": 1.218536
    }
}