{
    "8": {
        "11:25": 1.092274,
        "16:50": 1.061645,
        "18:05": 1.06545,
        "18:10": 1.06547,
        "18:15": 1.065632,
        "18:20": 1.065812,
        "18:35": 1.065858,
        "18:40": 1.063558,
        "18:45": 1.061778,
        "18:50": 1.062534,
        "9:35": 1.09236,
        "9:40": 1.092387,
        "9:45": 1.09261,
        "9:50": 1.092717,
        "9:55": 1.092758,
        "10:00": 1.092756,
        "10:05": 1.092726,
        "10:10": 1.092707,
        "10:15": 1.09269,
        "10:20": 1.092639,
        "10:25": 1.09253,
        "10:30": 1.092448,
        "10:35": 1.092386,
        "10:40": 1.092422,
        "10:45": 1.092455,
        "10:50": 1.092476,
        "10:55": 1.092497,
        "11:00": 1.092487,
        "11:05": 1.092528,
        "11:10": 1.092555,
        "11:15": 1.092489,
        "11:20": 1.092409,
        "11:30": 1.092222,
        "11:35": 1.092113,
        "11:40": 1.092041,
        "11:45": 1.091963,
        "11:50": 1.091951,
        "11:55": 1.091875,
        "12:00": 1.091816,
        "12:05": 1.091786,
        "12:10": 1.091769,
        "12:15": 1.09174,
        "12:20": 1.091698,
        "12:25": 1.09169,
        "12:30": 1.09167,
        "12:35": 1.091621,
        "12:40": 1.091667,
        "12:45": 1.091681,
        "12:50": 1.091641,
        "12:55": 1.091596,
        "13:00": 1.091577,
        "13:05": 1.091555,
        "13:10": 1.091565,
        "13:15": 1.091584,
        "13:20": 1.09159,
        "13:25": 1.091586,
        "13:30": 1.091731,
        "13:35": 1.091933,
        "13:40": 1.09211,
        "13:45": 1.092106,
        "13:50": 1.092169,
        "13:55": 1.092243,
        "14:00": 1.092225,
        "14:05": 1.092262,
        "14:10": 1.09227,
        "14:15": 1.092134,
        "14:20": 1.092035,
        "14:25": 1.092001,
        "14:30": 1.092076,
        "14:40": 1.092266,
        "14:45": 1.092491,
        "14:50": 1.092722,
        "14:55": 1.092864,
        "15:00": 1.093108,
        "15:05": 1.093275,
        "15:10": 1.093298,
        "15:15": 1.093341,
        "15:20": 1.09341,
        "15:25": 1.093459,
        "15:30": 1.093368,
        "15:35": 1.093224,
        "15:40": 1.093105
    },
    "20": {
        "19:05": 1.064412,
        "19:10": 1.064454,
        "19:15": 1.064447,
        "19:20": 1.064425,
        "19:25": 1.064458,
        "19:30": 1.064428,
        "9:35": 1.09236,
        "9:40": 1.092371,
        "9:45": 1.092468,
        "9:50": 1.092527,
        "9:55": 1.092563,
        "10:00": 1.092581,
        "10:05": 1.092585,
        "10:10": 1.09259,
        "10:15": 1.092594,
        "10:20": 1.092581,
        "10:25": 1.09254,
        "10:30": 1.092504,
        "10:35": 1.092472,
        "10:40": 1.092479,
        "10:45": 1.092488,
        "10:50": 1.092494,
        "10:55": 1.092501,
        "11:00": 1.092496,
        "11:05": 1.092513,
        "11:10": 1.092526,
        "11:15": 1.092501,
        "11:20": 1.092466,
        "11:25": 1.092403,
        "11:30": 1.092368,
        "11:35": 1.092307,
        "11:40": 1.092258,
        "11:45": 1.092204,
        "11:50": 1.092176,
        "11:55": 1.092122,
        "12:00": 1.092073,
        "12:05": 1.092036,
        "12:10": 1.092005,
        "12:15": 1.09197,
        "12:20": 1.09193,
        "12:25": 1.091904,
        "12:30": 1.091875,
        "12:35": 1.091835,
        "12:40": 1.091835,
        "12:45": 1.091825,
        "12:50": 1.091794,
        "12:55": 1.09176,
        "13:00": 1.091736,
        "13:05": 1.091712,
        "13:10": 1.091701,
        "13:15": 1.091696,
        "13:20": 1.091688,
        "13:25": 1.091677,
        "13:30": 1.091731,
        "13:35": 1.091818,
        "13:40": 1.091905,
        "13:45": 1.091923,
        "13:50": 1.091967,
        "13:55": 1.092018,
        "14:00": 1.092032,
        "14:05": 1.092066,
        "14:10": 1.092088,
        "14:15": 1.092047,
        "14:20": 1.092013,
        "14:25": 1.092,
        "14:30": 1.092032,
        "14:40": 1.092118,
        "14:45": 1.092229,
        "14:50": 1.092353,
        "14:55": 1.092449,
        "15:00": 1.092593,
        "15:05": 1.092714,
        "15:10": 1.092777,
        "15:15": 1.092845,
        "15:20": 1.092922,
        "15:25": 1.092989,
        "15:30": 1.092995,
        "15:35": 1.092969,
        "15:40": 1.092942
    },
    "50": {
        "20:05": 1.064493,
        "20:10": 1.064469,
        "20:15": 1.064438,
        "20:20": 1.064429,
        "20:25": 1.064409,
        "20:30": 1.064394,
        "20:35": 1.064383,
        "20:40": 1.064358,
        "20:45": 1.064315,
        "20:50": 1.06425,
        "20:55": 1.064181,
        "9:35": 1.09236,
        "9:40": 1.092365,
        "9:45": 1.092405,
        "9:50": 1.092432,
        "9:55": 1.09245,
        "10:00": 1.092462,
        "10:05": 1.092468,
        "10:10": 1.092475,
        "10:15": 1.092481,
        "10:20": 1.09248,
        "10:25": 1.092467,
        "10:30": 1.092455,
        "10:35": 1.092444,
        "10:40": 1.092448,
        "10:45": 1.092453,
        "10:50": 1.092457,
        "10:55": 1.092461,
        "11:00": 1.092461,
        "11:05": 1.092469,
        "11:10": 1.092476,
        "11:15": 1.092468,
        "11:20": 1.092455,
        "11:25": 1.092429,
        "11:30": 1.092414,
        "11:35": 1.092387,
        "11:40": 1.092364,
        "11:45": 1.092338,
        "11:50": 1.092321,
        "11:55": 1.092293,
        "12:00": 1.092266,
        "12:05": 1.092243,
        "12:10": 1.092222,
        "12:15": 1.092199,
        "12:20": 1.092174,
        "12:25": 1.092154,
        "12:30": 1.092132,
        "12:35": 1.092105,
        "12:40": 1.092094,
        "12:45": 1.09208,
        "12:50": 1.092057,
        "12:55": 1.092033,
        "13:00": 1.092012,
        "13:05": 1.091991,
        "13:10": 1.091976,
        "13:15": 1.091963,
        "13:20": 1.091949,
        "13:25": 1.091934,
        "13:30": 1.091946,
        "13:35": 1.091973,
        "13:40": 1.092003,
        "13:45": 1.092006,
        "13:50": 1.092021,
        "13:55": 1.09204,
        "14:00": 1.092045,
        "14:05": 1.092059,
        "14:10": 1.092068,
        "14:15": 1.092052,
        "14:20": 1.092038,
        "14:25": 1.092032,
        "14:30": 1.092044,
        "14:40": 1.092079,
        "14:45": 1.092126,
        "14:50": 1.092181,
        "14:55": 1.092227,
        "15:00": 1.092295,
        "15:05": 1.092356,
        "15:10": 1.092396,
        "15:15": 1.092439,
        "15:20": 1.092486,
        "15:25": 1.092531,
        "15:30": 1.092551,
        "15:35": 1.092558,
        "15:40": 1.092563
    }
}