{
    "8": {
        "11:25": 1.0678193,
        "16:50": 1.061645,
        "18:05": 1.06545,
        "18:10": 1.06547,
        "18:15": 1.065632,
        "18:20": 1.065812,
        "18:35": 1.065858,
        "18:40": 1.063558,
        "18:45": 1.061778,
        "18:50": 1.062534,
        "18:55": 1.063189,
        "19:00": 1.063794,
        "19:05": 1.064235,
        "19:10": 1.064372,
        "19:15": 1.064374,
        "19:20": 1.06434,
        "19:25": 1.064436,
        "19:30": 1.06437,
        "19:35": 1.06417,
        "19:40": 1.06405,
        "19:45": 1.064008,
        "19:50": 1.063906,
        "19:55": 1.063729,
        "20:00": 1.063605,
        "20:05": 1.063628,
        "20:10": 1.063686,
        "20:15": 1.063685,
        "20:20": 1.063804,
        "20:25": 1.063828,
        "20:30": 1.063873,
        "20:35": 1.063926,
        "20:40": 1.063887,
        "20:45": 1.063748,
        "20:50": 1.063504,
        "20:55": 1.063279
    },
    "20": {
        "11:25": 1.0676018,
        "16:45": 1.058274,
        "16:50": 1.058767,
        "18:05": 1.06545,
        "18:10": 1.065459,
        "18:15": 1.06553,
        "18:20": 1.065617,
        "18:35": 1.065655,
        "18:40": 1.064689,
        "18:45": 1.063819,
        "18:50": 1.063949,
        "18:55": 1.064095,
        "19:00": 1.064268,
        "19:05": 1.064412,
        "19:10": 1.064454,
        "19:15": 1.064447,
        "19:20": 1.064425,
        "19:25": 1.064458,
        "19:30": 1.064428,
        "19:35": 1.064337,
        "19:40": 1.06427,
        "19:45": 1.064231,
        "19:50": 1.064166,
        "19:55": 1.064065,
        "20:00": 1.06398,
        "20:05": 1.063954,
        "20:10": 1.063948,
        "20:15": 1.063922,
        "20:20": 1.06395,
        "20:25": 1.063946,
        "20:30": 1.063954,
        "20:35": 1.063969,
        "20:40": 1.063948,
        "20:45": 1.063882,
        "20:50": 1.063765,
        "20:55": 1.063644
    },
    "50": {
        "11:35": 1.0672609,
        "16:50": 1.056284,
        "18:05": 1.06545,
        "18:10": 1.065454,
        "18:15": 1.065483,
        "18:20": 1.065521,
        "18:35": 1.065541,
        "18:40": 1.065148,
        "18:45": 1.064772,
        "18:50": 1.064788,
        "18:55": 1.064815,
        "19:00": 1.064858,
        "19:05": 1.064894,
        "19:10": 1.064892,
        "19:15": 1.064872,
        "19:20": 1.064846,
        "19:25": 1.064843,
        "19:30": 1.064815,
        "19:35": 1.064762,
        "19:40": 1.064718,
        "19:45": 1.064684,
        "19:50": 1.06464,
        "19:55": 1.06458,
        "20:00": 1.064525,
        "20:05": 1.064493,
        "20:10": 1.064469,
        "20:15": 1.064438,
        "20:20": 1.064429,
        "20:25": 1.064409,
        "20:30": 1.064394,
        "20:35": 1.064383,
        "20:40": 1.064358,
        "20:45": 1.064315,
        "20:50": 1.06425,
        "20:55": 1.064181
    }
}